<?xml version="1.0" encoding="UTF-8"?>
<project-private xmlns="http://www.netbeans.org/ns/project-private/1">
    <editor-bookmarks xmlns="http://www.netbeans.org/ns/editor-bookmarks/2" lastBookmarkId="0"/>
    <open-files xmlns="http://www.netbeans.org/ns/projectui-open-files/2">
        <group>
            <file>file:/D:/School/IDPA/IDPA_ProjektV1.2/src/ch/bbbaden/idpa/Model.java</file>
            <file>file:/D:/School/IDPA/IDPA_ProjektV1.2/src/ch/bbbaden/idpa/View.fxml</file>
            <file>file:/D:/School/IDPA/IDPA_ProjektV1.2/src/ch/bbbaden/idpa/ViewController.java</file>
            <file>file:/D:/School/IDPA/IDPA_ProjektV1.2/src/ch/bbbaden/idpa/Main.java</file>
        </group>
    </open-files>
</project-private>
